timeDateInFuture,callbackFunction,fileIsPacked,class_id,EnrtyPointOutside,hash,NumberOfRvaAndSizes,LoaderFlagsIlegal,illegalSizeOptHeader,unorderedSectionName,unorderedSectionNumber,non-asciiSectionName,headerChecksumZero,illegalSizeOfRawData,timeDateTooLow
0,0,0,/home/gulzada/Documents/Project/vxvaultvirus,0,39fcda73563dc640ff3f8f5b1d3df6e5,0,0,0,0,5,0,1,0,0
1,0,0,/home/gulzada/Documents/Project/vxvaultvirus,0,ae3e433b41eeb599cbe8ead907792ca9,0,0,0,0,3,0,0,0,0
1,0,0,/home/gulzada/Documents/Project/vxvaultvirus,0,ec262d2f33d76817e351ba24ace468b8,0,0,0,0,3,0,1,0,0
1,1,0,/home/gulzada/Documents/Project/vxvaultvirus,0,d1ff8f9fa3bc7d9032f556a1fd59e268,0,0,0,0,5,0,1,0,0
0,0,1,/home/gulzada/Documents/Project/vxvaultvirus,0,8653605c49b0c2e49c8afee0a868597c,0,0,0,0,4,0,0,0,0
0,0,0,/home/gulzada/Documents/Project/vxvaultvirus,0,3b5337a169bdb2f77f5b9d05249a19c6,0,0,0,0,4,0,0,0,0
0,0,0,/home/gulzada/Documents/Project/vxvaultvirus,0,bf8fd8372357569145c647d3ad2df3ee,0,0,0,0,4,0,0,0,0
0,1,0,/home/gulzada/Documents/Project/vxvaultvirus,0,dbe66572b790ce7aeb53481b46a284e2,0,0,1,0,7,0,1,0,0
0,0,1,/home/gulzada/Documents/Project/vxvaultvirus,0,88cab3e01e7d2274dd56a8d4b605cafb,0,0,0,0,4,0,0,0,0
0,0,0,/home/gulzada/Documents/Project/vxvaultvirus,0,a339f5b8ef18fb65db3b5d9d74e86a2d,0,0,0,0,6,0,0,0,0
